{
  "id": "clover-club",
  "name": "Clover Club",
  "glass": "Chilled Martini / Coupe",
  "ice": "None",
  "method": "Dry Shake, Shake & Fine Strain",
  "ingredients": [
    {
      "ingredientId": "gin",
      "amount": "60",
      "unit": "ml"
    },
    {
      "ingredientId": "raspberry-puree",
      "amount": "15",
      "unit": "ml"
    },
    {
      "ingredientId": "fresh-lemon-juice",
      "amount": "30",
      "unit": "ml"
    },
    {
      "ingredientId": "egg-white",
      "amount": "15",
      "unit": "ml"
    }
  ],
  "garnish": "1 Raspberry"
}