{
  "id": "paloma",
  "name": "Paloma",
  "glass": "Highball",
  "ice": "Cubed",
  "method": "Shake & Strain",
  "ingredients": [
    {
      "ingredientId": "fresh-lime-juice",
      "amount": "10",
      "unit": "ml"
    },
    {
      "ingredientId": "tequila",
      "amount": "60",
      "unit": "ml"
    },
    {
      "ingredientId": "grapefruit-juice",
      "amount": "60",
      "unit": "ml"
    },
    {
      "ingredientId": "soda-water",
      "amount": "Top",
      "unit": ""
    },
    {
      "ingredientId": "sugar-syrup",
      "amount": "10",
      "unit": "ml"
    }
  ],
  "garnish": "Salt Rim & Grapefruit Slice"
}