{
  "id": "long-island-iced-tea",
  "name": "Long Island Iced Tea",
  "glass": "Highball",
  "ice": "Cubed",
  "method": "Shake & Strain",
  "ingredients": [
    {
      "ingredientId": "vodka",
      "amount": "20",
      "unit": "ml"
    },
    {
      "ingredientId": "light-rum",
      "amount": "20",
      "unit": "ml"
    },
    {
      "ingredientId": "gin",
      "amount": "20",
      "unit": "ml"
    },
    {
      "ingredientId": "tequila",
      "amount": "20",
      "unit": "ml"
    },
    {
      "ingredientId": "triple-sec",
      "amount": "20",
      "unit": "ml"
    },
    {
      "ingredientId": "fresh-lemon-juice",
      "amount": "20",
      "unit": "ml"
    },
    {
      "ingredientId": "sugar-syrup",
      "amount": "10",
      "unit": "ml"
    },
    {
      "ingredientId": "coca-cola",
      "amount": "Top",
      "unit": ""
    }
  ],
  "garnish": "Lemon Wedge"
}